{"name":"VR Scene","created":"2016-03-30T09:49:52.925Z","settings":{"physics":{"gravity":[0,-9.8,0]},"render":{"fog_end":1000,"tonemapping":3,"skybox":null,"fog_density":0.01,"gamma_correction":1,"exposure":1,"fog_start":1,"global_ambient":[0.2,0.2,0.2],"skyboxIntensity":1,"fog_color":[0,0,0],"fog":"none","lightmapMaxResolution":2048,"skyboxMip":1,"lightmapSizeMultiplier":16,"lightmapMode":0,"skyboxRotation":[0,0,0]},"priority_scripts":["input_hmd.js"]},"entities":{"c05ab0ea-f65c-11e5-809f-22000ac481df":{"template":null,"parent":null,"resource_id":"c05ab0ea-f65c-11e5-809f-22000ac481df","labels":[],"rotation":[0,0,0],"children":["cfb2fe02-130c-4c0d-9e6b-b69a6054a7fa","746137b3-486c-48be-8053-e424f7fe7420"],"scale":[1,1,1],"name":"Root","enabled":true,"components":{"script":{"enabled":true,"order":[],"scripts":{}}},"position":[0,0,0],"tags":[]},"cfb2fe02-130c-4c0d-9e6b-b69a6054a7fa":{"name":"PlayCanvas Cube","tags":[],"enabled":true,"resource_id":"cfb2fe02-130c-4c0d-9e6b-b69a6054a7fa","parent":"c05ab0ea-f65c-11e5-809f-22000ac481df","children":[],"position":[0,2.005011200904846,-3.8462352752685547],"rotation":[45.000000024638176,8.412007990958e-8,45.00000022772202],"scale":[1,1,1],"components":{"model":{"enabled":true,"isStatic":true,"type":"asset","asset":44966333,"materialAsset":null,"castShadows":true,"castShadowsLightmap":false,"receiveShadows":false,"lightmapped":false,"lightmapSizeMultiplier":1,"batchGroupId":null,"layers":[0]},"script":{"enabled":true,"order":["cube"],"scripts":{"cube":{"enabled":true,"attributes":{"rotateSpeed":0}}}}}},"746137b3-486c-48be-8053-e424f7fe7420":{"name":"Buttons","tags":[],"enabled":true,"resource_id":"746137b3-486c-48be-8053-e424f7fe7420","parent":"c05ab0ea-f65c-11e5-809f-22000ac481df","children":["549ca152-3958-4afa-854f-b2db7019cf4d","cf7ad64d-9274-4a80-9478-bcd0ae34cdf6","6c364295-2592-483a-acde-cd25a09cfee8","98d54144-47a5-40f8-a147-79ed119ddbe1","ace85cd8-708a-4b4f-9360-6f90b1764f09"],"position":[0,0,0],"rotation":[0,0,0],"scale":[1,1,1],"components":{}},"549ca152-3958-4afa-854f-b2db7019cf4d":{"name":"Rotate Left","tags":[],"enabled":true,"resource_id":"549ca152-3958-4afa-854f-b2db7019cf4d","parent":"746137b3-486c-48be-8053-e424f7fe7420","children":[],"position":[-0.287,0.933,-3.084],"rotation":[0,5.000000142919912,0],"scale":[0.001,0.001,0.001],"components":{"button":{"enabled":true,"active":true,"imageEntity":"549ca152-3958-4afa-854f-b2db7019cf4d","hitPadding":[0,0,0,0],"transitionMode":0,"hoverTint":[1,0.3764705882352941,0,1],"pressedTint":[1,0.3764705882352941,0,0.5019607843137255],"inactiveTint":[0.19607843137254902,0.19607843137254902,0.19607843137254902,0.5019607843137255],"fadeDuration":0,"hoverSpriteAsset":null,"hoverSpriteFrame":0,"pressedSpriteAsset":null,"pressedSpriteFrame":0,"inactiveSpriteAsset":null,"inactiveSpriteFrame":0,"hoverTextureAsset":null,"pressedTextureAsset":null,"inactiveTextureAsset":null},"element":{"enabled":true,"type":"image","anchor":[0.5,0.5,0.5,0.5],"pivot":[0.5,0.5],"text":"","key":null,"fontAsset":null,"fontSize":32,"minFontSize":8,"maxFontSize":32,"autoFitWidth":false,"autoFitHeight":false,"maxLines":null,"lineHeight":32,"wrapLines":true,"spacing":1,"color":[1,1,1],"opacity":1,"textureAsset":44966372,"spriteAsset":null,"spriteFrame":0,"pixelsPerUnit":null,"width":500,"height":500,"margin":[-250.287,-249.067,-249.713,-250.933],"alignment":[0.5,0.5],"outlineColor":[0,0,0,1],"outlineThickness":0,"shadowColor":[0,0,0,1],"shadowOffset":[0,0],"rect":[0,0,1,1],"materialAsset":null,"autoWidth":false,"autoHeight":false,"useInput":true,"batchGroupId":null,"mask":false,"layers":[0],"enableMarkup":false},"script":{"enabled":true,"order":["numberEvent"],"scripts":{"numberEvent":{"enabled":true,"attributes":{"eventName":"setrotation","number":-15}}}}}},"cf7ad64d-9274-4a80-9478-bcd0ae34cdf6":{"name":"Rotate Right","tags":[],"enabled":true,"resource_id":"cf7ad64d-9274-4a80-9478-bcd0ae34cdf6","parent":"746137b3-486c-48be-8053-e424f7fe7420","children":[],"position":[0.287,0.933,-3.084],"rotation":[0,-5,0],"scale":[0.001,0.001,0.001],"components":{"button":{"enabled":true,"active":true,"imageEntity":"cf7ad64d-9274-4a80-9478-bcd0ae34cdf6","hitPadding":[0,0,0,0],"transitionMode":0,"hoverTint":[1,0.3764705882352941,0,1],"pressedTint":[1,0.3764705882352941,0,0.5019607843137255],"inactiveTint":[0.19607843137254902,0.19607843137254902,0.19607843137254902,0.5019607843137255],"fadeDuration":0,"hoverSpriteAsset":null,"hoverSpriteFrame":0,"pressedSpriteAsset":null,"pressedSpriteFrame":0,"inactiveSpriteAsset":null,"inactiveSpriteFrame":0,"hoverTextureAsset":null,"pressedTextureAsset":null,"inactiveTextureAsset":null},"element":{"enabled":true,"type":"image","anchor":[0.5,0.5,0.5,0.5],"pivot":[0.5,0.5],"text":"","key":null,"fontAsset":null,"fontSize":32,"minFontSize":8,"maxFontSize":32,"autoFitWidth":false,"autoFitHeight":false,"maxLines":null,"lineHeight":32,"wrapLines":true,"spacing":1,"color":[1,1,1],"opacity":1,"textureAsset":44966369,"spriteAsset":null,"spriteFrame":0,"pixelsPerUnit":null,"width":500,"height":500,"margin":[-249.713,-249.067,-250.287,-250.933],"alignment":[0.5,0.5],"outlineColor":[0,0,0,1],"outlineThickness":0,"shadowColor":[0,0,0,1],"shadowOffset":[0,0],"rect":[0,0,1,1],"materialAsset":null,"autoWidth":false,"autoHeight":false,"useInput":true,"batchGroupId":null,"mask":false,"layers":[0],"enableMarkup":false},"script":{"enabled":true,"order":["numberEvent"],"scripts":{"numberEvent":{"enabled":true,"attributes":{"eventName":"setrotation","number":15}}}}}},"6c364295-2592-483a-acde-cd25a09cfee8":{"name":"Color Orange","tags":[],"enabled":true,"resource_id":"6c364295-2592-483a-acde-cd25a09cfee8","parent":"746137b3-486c-48be-8053-e424f7fe7420","children":[],"position":[1.0449999570846558,2.100000023841858,-2.8665904998779297],"rotation":[0,-20.00000090236425,0],"scale":[0.001,0.001,0.001],"components":{"button":{"enabled":true,"active":true,"imageEntity":"6c364295-2592-483a-acde-cd25a09cfee8","hitPadding":[0,0,0,0],"transitionMode":0,"hoverTint":[1,1,1,1],"pressedTint":[1,0.3764705882352941,0,0.5019607843137255],"inactiveTint":[0.19607843137254902,0.19607843137254902,0.19607843137254902,0.5019607843137255],"fadeDuration":0,"hoverSpriteAsset":null,"hoverSpriteFrame":0,"pressedSpriteAsset":null,"pressedSpriteFrame":0,"inactiveSpriteAsset":null,"inactiveSpriteFrame":0,"hoverTextureAsset":null,"pressedTextureAsset":null,"inactiveTextureAsset":null},"element":{"enabled":true,"type":"image","anchor":[0.5,0.5,0.5,0.5],"pivot":[0.5,0.5],"text":"","key":null,"fontAsset":44966323,"fontSize":32,"minFontSize":8,"maxFontSize":32,"autoFitWidth":false,"autoFitHeight":false,"maxLines":null,"lineHeight":32,"wrapLines":true,"spacing":1,"color":[1,0.3764705882352941,0],"opacity":1,"textureAsset":null,"spriteAsset":44966334,"spriteFrame":0,"pixelsPerUnit":null,"width":500,"height":250,"margin":[-248.955,-122.9,-251.045,-127.1],"alignment":[0.5,0.5],"outlineColor":[0,0,0,1],"outlineThickness":0,"shadowColor":[0,0,0,1],"shadowOffset":[0,0],"rect":[0,0,1,1],"materialAsset":null,"autoWidth":false,"autoHeight":false,"useInput":true,"batchGroupId":null,"mask":false,"layers":[0],"enableMarkup":false},"script":{"enabled":true,"order":["colorEvent"],"scripts":{"colorEvent":{"enabled":true,"attributes":{"eventName":"setcolor","color":[1,0.3764705882352941,0,1]}}}}}},"98d54144-47a5-40f8-a147-79ed119ddbe1":{"name":"Color Green","tags":[],"enabled":true,"resource_id":"98d54144-47a5-40f8-a147-79ed119ddbe1","parent":"746137b3-486c-48be-8053-e424f7fe7420","children":[],"position":[1.0449999570846558,1.6749998331069946,-2.8665904998779297],"rotation":[0,-20.00000090236425,0],"scale":[0.001,0.001,0.001],"components":{"button":{"enabled":true,"active":true,"imageEntity":"98d54144-47a5-40f8-a147-79ed119ddbe1","hitPadding":[0,0,0,0],"transitionMode":0,"hoverTint":[1,1,1,1],"pressedTint":[0.3764705882352941,1,0.3764705882352941,0.5019607843137255],"inactiveTint":[0.19607843137254902,0.19607843137254902,0.19607843137254902,0.5019607843137255],"fadeDuration":0,"hoverSpriteAsset":null,"hoverSpriteFrame":0,"pressedSpriteAsset":null,"pressedSpriteFrame":0,"inactiveSpriteAsset":null,"inactiveSpriteFrame":0,"hoverTextureAsset":null,"pressedTextureAsset":null,"inactiveTextureAsset":null},"element":{"enabled":true,"type":"image","anchor":[0.5,0.5,0.5,0.5],"pivot":[0.5,0.5],"text":"","key":null,"fontAsset":44966323,"fontSize":32,"minFontSize":8,"maxFontSize":32,"autoFitWidth":false,"autoFitHeight":false,"maxLines":null,"lineHeight":32,"wrapLines":true,"spacing":1,"color":[0.3764705882352941,1,0.3764705882352941],"opacity":1,"textureAsset":null,"spriteAsset":44966334,"spriteFrame":0,"pixelsPerUnit":null,"width":500,"height":250,"margin":[-248.955,-123.325,-251.045,-126.675],"alignment":[0.5,0.5],"outlineColor":[0,0,0,1],"outlineThickness":0,"shadowColor":[0,0,0,1],"shadowOffset":[0,0],"rect":[0,0,1,1],"materialAsset":null,"autoWidth":false,"autoHeight":false,"useInput":true,"batchGroupId":null,"mask":false,"layers":[0],"enableMarkup":false},"script":{"enabled":true,"order":["colorEvent"],"scripts":{"colorEvent":{"enabled":true,"attributes":{"eventName":"setcolor","color":[0.3764705882352941,1,0.3764705882352941,1]}}}}}},"ace85cd8-708a-4b4f-9360-6f90b1764f09":{"name":"Color Blue","tags":[],"enabled":true,"resource_id":"ace85cd8-708a-4b4f-9360-6f90b1764f09","parent":"746137b3-486c-48be-8053-e424f7fe7420","children":[],"position":[1.0449999570846558,1.25,-2.8665904998779297],"rotation":[0,-20.00000090236425,0],"scale":[0.001,0.001,0.001],"components":{"button":{"enabled":true,"active":true,"imageEntity":"ace85cd8-708a-4b4f-9360-6f90b1764f09","hitPadding":[0,0,0,0],"transitionMode":0,"hoverTint":[1,1,1,1],"pressedTint":[0,0.3764705882352941,1,0.5019607843137255],"inactiveTint":[0.19607843137254902,0.19607843137254902,0.19607843137254902,0.5019607843137255],"fadeDuration":0,"hoverSpriteAsset":null,"hoverSpriteFrame":0,"pressedSpriteAsset":null,"pressedSpriteFrame":0,"inactiveSpriteAsset":null,"inactiveSpriteFrame":0,"hoverTextureAsset":null,"pressedTextureAsset":null,"inactiveTextureAsset":null},"element":{"enabled":true,"type":"image","anchor":[0.5,0.5,0.5,0.5],"pivot":[0.5,0.5],"text":"","key":null,"fontAsset":44966323,"fontSize":32,"minFontSize":8,"maxFontSize":32,"autoFitWidth":false,"autoFitHeight":false,"maxLines":null,"lineHeight":32,"wrapLines":true,"spacing":1,"color":[0,0.3764705882352941,1],"opacity":1,"textureAsset":null,"spriteAsset":44966334,"spriteFrame":0,"pixelsPerUnit":null,"width":500,"height":250,"margin":[-248.955,-123.75,-251.045,-126.25],"alignment":[0.5,0.5],"outlineColor":[0,0,0,1],"outlineThickness":0,"shadowColor":[0,0,0,1],"shadowOffset":[0,0],"rect":[0,0,1,1],"materialAsset":null,"autoWidth":false,"autoHeight":false,"useInput":true,"batchGroupId":null,"mask":false,"layers":[0],"enableMarkup":false},"script":{"enabled":true,"order":["colorEvent"],"scripts":{"colorEvent":{"enabled":true,"attributes":{"eventName":"setcolor","color":[0,0.3764705882352941,1,1]}}}}}}},"id":1119478}